,ds,score
0,2025-07-03 00:00:00-04:00,0.2366454545454546
1,2025-07-03 00:00:00-04:00,0.2366454545454546
2,2025-07-02 00:00:00-04:00,0.15224871794871797
3,2025-07-01 00:00:00-04:00,0.1340313725490196
4,2025-06-30 00:00:00-04:00,0.08326428571428571
5,2025-06-27 00:00:00-04:00,0.09246666666666666
6,2025-06-27 00:00:00-04:00,0.09246666666666666
7,2025-06-26 00:00:00-04:00,0.1908775
8,2025-06-25 00:00:00-04:00,0.08401964285714285
9,2025-06-24 00:00:00-04:00,0.18715172413793105
10,2025-06-23 00:00:00-04:00,0.13337777777777776
11,2025-06-20 00:00:00-04:00,0.07054444444444444
12,2025-06-20 00:00:00-04:00,0.07054444444444444
13,2025-06-18 00:00:00-04:00,0.17780344827586203
14,2025-06-18 00:00:00-04:00,0.17780344827586203
15,2025-06-17 00:00:00-04:00,0.10533799999999999
16,2025-06-16 00:00:00-04:00,0.13371379310344828
17,2025-06-13 00:00:00-04:00,0.11921052631578948
18,2025-06-13 00:00:00-04:00,0.11921052631578948
19,2025-06-12 00:00:00-04:00,0.07457073170731708
20,2025-06-11 00:00:00-04:00,0.11972272727272727
21,2025-06-10 00:00:00-04:00,0.14881451612903226
22,2025-06-09 00:00:00-04:00,0.12152459016393441
23,2025-06-06 00:00:00-04:00,0.1805590163934426
24,2025-06-06 00:00:00-04:00,0.1805590163934426
25,2025-06-05 00:00:00-04:00,0.18117115384615384
26,2025-06-04 00:00:00-04:00,0.18570779220779218
27,2025-06-03 00:00:00-04:00,0.15960921052631577
28,2025-06-02 00:00:00-04:00,0.1347864406779661
29,2025-05-30 00:00:00-04:00,0.060860526315789476
30,2025-05-30 00:00:00-04:00,0.060860526315789476
31,2025-05-29 00:00:00-04:00,0.09941268656716419
32,2025-05-28 00:00:00-04:00,0.052518705035971225
33,2025-05-27 00:00:00-04:00,0.061686956521739146
34,2024-10-04 00:00:00-04:00,0.0
35,2024-10-03 00:00:00-04:00,0.0
36,2024-10-02 00:00:00-04:00,0.0
37,2024-10-01 00:00:00-04:00,0.0
38,2024-09-30 00:00:00-04:00,0.0
39,2024-09-27 00:00:00-04:00,0.0
40,2024-09-27 00:00:00-04:00,0.0
41,2024-09-26 00:00:00-04:00,0.0
42,2024-09-25 00:00:00-04:00,0.0
43,2024-09-24 00:00:00-04:00,0.0
44,2024-09-23 00:00:00-04:00,0.0
45,2024-09-20 00:00:00-04:00,0.0
46,2024-09-19 00:00:00-04:00,0.0
47,2024-09-18 00:00:00-04:00,0.0
48,2024-09-17 00:00:00-04:00,0.0
49,2024-09-16 00:00:00-04:00,0.0
50,2024-09-13 00:00:00-04:00,0.0
51,2024-09-13 00:00:00-04:00,0.0
52,2024-09-12 00:00:00-04:00,0.0
53,2024-09-11 00:00:00-04:00,0.0
54,2024-09-10 00:00:00-04:00,0.0
55,2024-09-09 00:00:00-04:00,0.0
56,2024-09-06 00:00:00-04:00,0.0
57,2024-09-06 00:00:00-04:00,0.0
58,2024-09-05 00:00:00-04:00,0.0
59,2024-09-04 00:00:00-04:00,0.0
60,2024-09-03 00:00:00-04:00,0.0
61,2024-08-30 00:00:00-04:00,0.0
62,2024-08-30 00:00:00-04:00,0.0
63,2024-08-29 00:00:00-04:00,0.0
64,2024-08-28 00:00:00-04:00,0.0
65,2024-08-27 00:00:00-04:00,0.0
66,2024-08-26 00:00:00-04:00,0.0
67,2024-08-23 00:00:00-04:00,0.0
68,2024-08-23 00:00:00-04:00,0.0
69,2024-08-22 00:00:00-04:00,0.0
70,2024-08-21 00:00:00-04:00,0.0
71,2024-08-20 00:00:00-04:00,0.0
72,2024-08-19 00:00:00-04:00,0.0
73,2024-08-16 00:00:00-04:00,0.0
74,2024-08-16 00:00:00-04:00,0.0
75,2024-08-15 00:00:00-04:00,0.0
76,2024-08-14 00:00:00-04:00,0.0
77,2024-08-13 00:00:00-04:00,0.0
78,2024-08-12 00:00:00-04:00,0.0
79,2024-08-09 00:00:00-04:00,0.0
80,2024-08-09 00:00:00-04:00,0.0
81,2024-08-08 00:00:00-04:00,0.0
82,2024-08-07 00:00:00-04:00,0.0
83,2024-08-06 00:00:00-04:00,0.0
84,2024-08-05 00:00:00-04:00,0.0
85,2024-08-02 00:00:00-04:00,0.0
86,2024-08-02 00:00:00-04:00,0.0
87,2024-08-01 00:00:00-04:00,0.0
88,2024-07-31 00:00:00-04:00,0.0
89,2024-07-30 00:00:00-04:00,0.0
90,2024-07-29 00:00:00-04:00,0.0
91,2024-07-26 00:00:00-04:00,0.0
92,2024-07-26 00:00:00-04:00,0.0
93,2024-07-25 00:00:00-04:00,0.0
94,2022-12-14 00:00:00-05:00,0.0
95,2022-12-13 00:00:00-05:00,0.0
96,2022-12-12 00:00:00-05:00,0.0
97,2022-12-09 00:00:00-05:00,0.0
98,2022-12-08 00:00:00-05:00,0.0
99,2022-12-07 00:00:00-05:00,0.0
100,2022-12-06 00:00:00-05:00,0.0
101,2022-12-05 00:00:00-05:00,0.0
102,2022-12-02 00:00:00-05:00,0.0
103,2022-12-01 00:00:00-05:00,0.0
104,2022-11-30 00:00:00-05:00,0.0
105,2022-11-29 00:00:00-05:00,0.0
106,2022-11-28 00:00:00-05:00,0.0
107,2022-11-25 00:00:00-05:00,0.0
108,2022-11-23 00:00:00-05:00,0.0
109,2022-11-22 00:00:00-05:00,0.0
110,2022-11-21 00:00:00-05:00,0.0
111,2022-11-18 00:00:00-05:00,0.0
112,2022-11-17 00:00:00-05:00,0.0
113,2022-11-16 00:00:00-05:00,0.0
114,2022-11-15 00:00:00-05:00,0.0
115,2022-11-14 00:00:00-05:00,0.0
116,2022-11-11 00:00:00-05:00,0.0
117,2022-11-10 00:00:00-05:00,0.0
118,2022-11-09 00:00:00-05:00,0.0
119,2022-11-08 00:00:00-05:00,0.0
120,2022-11-07 00:00:00-05:00,0.0
121,2022-11-04 00:00:00-04:00,0.0
122,2022-11-03 00:00:00-04:00,0.0
123,2022-11-02 00:00:00-04:00,0.0
124,2022-11-01 00:00:00-04:00,0.0
125,2022-10-31 00:00:00-04:00,0.0
126,2022-10-28 00:00:00-04:00,0.0
127,2022-10-27 00:00:00-04:00,0.0
128,2022-10-26 00:00:00-04:00,0.0
129,2022-10-25 00:00:00-04:00,0.0
130,2022-10-24 00:00:00-04:00,0.0
131,2022-10-21 00:00:00-04:00,0.0
132,2022-10-20 00:00:00-04:00,0.0
133,2022-10-19 00:00:00-04:00,0.0
134,2022-10-18 00:00:00-04:00,0.0
135,2022-10-17 00:00:00-04:00,0.0
136,2022-10-14 00:00:00-04:00,0.0
137,2022-10-13 00:00:00-04:00,0.0
138,2022-10-12 00:00:00-04:00,0.0
139,2022-10-11 00:00:00-04:00,0.0
140,2022-10-10 00:00:00-04:00,0.0
141,2022-10-07 00:00:00-04:00,0.0
142,2022-10-06 00:00:00-04:00,0.0
143,2022-10-05 00:00:00-04:00,0.0
144,2022-10-04 00:00:00-04:00,0.0
145,2022-10-03 00:00:00-04:00,0.0
146,2022-09-30 00:00:00-04:00,0.0
147,2022-09-29 00:00:00-04:00,0.0
148,2022-09-28 00:00:00-04:00,0.0
149,2022-09-27 00:00:00-04:00,0.0
150,2022-09-26 00:00:00-04:00,0.0
151,2022-09-23 00:00:00-04:00,0.0
152,2022-09-22 00:00:00-04:00,0.0
153,2022-09-21 00:00:00-04:00,0.0
154,2021-01-21 00:00:00-05:00,0.0
155,2021-01-20 00:00:00-05:00,0.0
156,2021-01-19 00:00:00-05:00,0.0
157,2021-01-15 00:00:00-05:00,0.0
158,2021-01-14 00:00:00-05:00,0.0
159,2021-01-13 00:00:00-05:00,0.0
160,2021-01-12 00:00:00-05:00,0.0
161,2021-01-11 00:00:00-05:00,0.0
162,2021-01-08 00:00:00-05:00,0.0
163,2021-01-07 00:00:00-05:00,0.0
164,2021-01-06 00:00:00-05:00,0.0
165,2021-01-05 00:00:00-05:00,0.0
166,2021-01-04 00:00:00-05:00,0.0
167,2020-12-31 00:00:00-05:00,0.0
168,2020-12-30 00:00:00-05:00,0.0
169,2020-12-29 00:00:00-05:00,0.0
170,2020-12-28 00:00:00-05:00,0.0
171,2020-12-24 00:00:00-05:00,0.0
172,2020-12-23 00:00:00-05:00,0.0
173,2020-12-22 00:00:00-05:00,0.0
174,2020-12-21 00:00:00-05:00,0.0
175,2020-12-18 00:00:00-05:00,0.0
176,2020-12-17 00:00:00-05:00,0.0
177,2020-12-16 00:00:00-05:00,0.0
178,2020-12-15 00:00:00-05:00,0.0
179,2020-12-14 00:00:00-05:00,0.0
180,2020-12-11 00:00:00-05:00,0.0
181,2020-12-10 00:00:00-05:00,0.0
182,2020-12-09 00:00:00-05:00,0.0
183,2020-12-08 00:00:00-05:00,0.0
184,2020-12-07 00:00:00-05:00,0.0
185,2020-12-04 00:00:00-05:00,0.0
186,2020-12-03 00:00:00-05:00,0.0
187,2020-12-02 00:00:00-05:00,0.0
188,2020-12-01 00:00:00-05:00,0.0
189,2020-11-30 00:00:00-05:00,0.0
190,2020-11-27 00:00:00-05:00,0.0
191,2020-11-25 00:00:00-05:00,0.0
192,2020-11-24 00:00:00-05:00,0.0
193,2020-11-23 00:00:00-05:00,0.0
194,2020-11-20 00:00:00-05:00,0.0
195,2020-11-19 00:00:00-05:00,0.0
196,2020-11-18 00:00:00-05:00,0.0
197,2020-11-17 00:00:00-05:00,0.0
198,2020-11-16 00:00:00-05:00,0.0
199,2020-11-13 00:00:00-05:00,0.0
200,2020-11-12 00:00:00-05:00,0.0
201,2020-11-11 00:00:00-05:00,0.0
202,2020-11-10 00:00:00-05:00,0.0
203,2020-11-09 00:00:00-05:00,0.0
204,2020-11-06 00:00:00-05:00,0.0
205,2020-11-05 00:00:00-05:00,0.0
206,2020-11-04 00:00:00-05:00,0.0
207,2020-11-03 00:00:00-05:00,0.0
208,2020-11-02 00:00:00-05:00,0.0
209,2020-10-30 00:00:00-04:00,0.0
210,2020-10-29 00:00:00-04:00,0.0
211,2020-10-28 00:00:00-04:00,0.0
212,2020-10-27 00:00:00-04:00,0.0
213,2020-10-26 00:00:00-04:00,0.0
214,2019-03-04 00:00:00-05:00,0.0
215,2019-03-01 00:00:00-05:00,0.0
216,2019-02-28 00:00:00-05:00,0.0
217,2019-02-27 00:00:00-05:00,0.0
218,2019-02-26 00:00:00-05:00,0.0
219,2019-02-25 00:00:00-05:00,0.0
220,2019-02-22 00:00:00-05:00,0.0
221,2019-02-21 00:00:00-05:00,0.0
222,2019-02-20 00:00:00-05:00,0.0
223,2019-02-19 00:00:00-05:00,0.0
224,2019-02-15 00:00:00-05:00,0.0
225,2019-02-14 00:00:00-05:00,0.0
226,2019-02-13 00:00:00-05:00,0.0
227,2019-02-12 00:00:00-05:00,0.0
228,2019-02-11 00:00:00-05:00,0.0
229,2019-02-08 00:00:00-05:00,0.0
230,2019-02-07 00:00:00-05:00,0.0
231,2019-02-06 00:00:00-05:00,0.0
232,2019-02-05 00:00:00-05:00,0.0
233,2019-02-04 00:00:00-05:00,0.0
234,2019-02-01 00:00:00-05:00,0.0
235,2019-01-31 00:00:00-05:00,0.0
236,2019-01-30 00:00:00-05:00,0.0
237,2019-01-29 00:00:00-05:00,0.0
238,2019-01-28 00:00:00-05:00,0.0
239,2019-01-25 00:00:00-05:00,0.0
240,2019-01-24 00:00:00-05:00,0.0
241,2019-01-23 00:00:00-05:00,0.0
242,2019-01-22 00:00:00-05:00,0.0
243,2019-01-18 00:00:00-05:00,0.0
244,2019-01-17 00:00:00-05:00,0.0
245,2019-01-16 00:00:00-05:00,0.0
246,2019-01-15 00:00:00-05:00,0.0
247,2019-01-14 00:00:00-05:00,0.0
248,2019-01-11 00:00:00-05:00,0.0
249,2019-01-10 00:00:00-05:00,0.0
250,2019-01-09 00:00:00-05:00,0.0
251,2019-01-08 00:00:00-05:00,0.0
252,2019-01-07 00:00:00-05:00,0.0
253,2019-01-04 00:00:00-05:00,0.0
254,2019-01-03 00:00:00-05:00,0.0
255,2019-01-02 00:00:00-05:00,0.0
256,2018-12-31 00:00:00-05:00,0.0
257,2018-12-28 00:00:00-05:00,0.0
258,2018-12-27 00:00:00-05:00,0.0
259,2018-12-26 00:00:00-05:00,0.0
260,2018-12-24 00:00:00-05:00,0.0
261,2018-12-21 00:00:00-05:00,0.0
262,2018-12-20 00:00:00-05:00,0.0
263,2018-12-19 00:00:00-05:00,0.0
264,2018-12-18 00:00:00-05:00,0.0
265,2018-12-17 00:00:00-05:00,0.0
266,2018-12-14 00:00:00-05:00,0.0
267,2018-12-13 00:00:00-05:00,0.0
268,2018-12-12 00:00:00-05:00,0.0
269,2018-12-11 00:00:00-05:00,0.0
270,2018-12-10 00:00:00-05:00,0.0
271,2018-12-07 00:00:00-05:00,0.0
272,2018-12-06 00:00:00-05:00,0.0
273,2018-12-04 00:00:00-05:00,0.0
274,2017-04-05 00:00:00-04:00,0.0
275,2017-04-04 00:00:00-04:00,0.0
276,2017-04-03 00:00:00-04:00,0.0
277,2017-03-31 00:00:00-04:00,0.0
278,2017-03-30 00:00:00-04:00,0.0
279,2017-03-29 00:00:00-04:00,0.0
280,2017-03-28 00:00:00-04:00,0.0
281,2017-03-27 00:00:00-04:00,0.0
282,2017-03-24 00:00:00-04:00,0.0
283,2017-03-23 00:00:00-04:00,0.0
284,2017-03-22 00:00:00-04:00,0.0
285,2017-03-21 00:00:00-04:00,0.0
286,2017-03-20 00:00:00-04:00,0.0
287,2017-03-17 00:00:00-04:00,0.0
288,2017-03-16 00:00:00-04:00,0.0
289,2017-03-15 00:00:00-04:00,0.0
290,2017-03-14 00:00:00-04:00,0.0
291,2017-03-13 00:00:00-04:00,0.0
292,2017-03-10 00:00:00-05:00,0.0
293,2017-03-09 00:00:00-05:00,0.0
294,2017-03-08 00:00:00-05:00,0.0
295,2017-03-07 00:00:00-05:00,0.0
296,2017-03-06 00:00:00-05:00,0.0
297,2017-03-03 00:00:00-05:00,0.0
298,2017-03-02 00:00:00-05:00,0.0
299,2017-03-01 00:00:00-05:00,0.0
300,2017-02-28 00:00:00-05:00,0.0
301,2017-02-27 00:00:00-05:00,0.0
302,2017-02-24 00:00:00-05:00,0.0
303,2017-02-23 00:00:00-05:00,0.0
304,2017-02-22 00:00:00-05:00,0.0
305,2017-02-21 00:00:00-05:00,0.0
306,2017-02-17 00:00:00-05:00,0.0
307,2017-02-16 00:00:00-05:00,0.0
308,2017-02-15 00:00:00-05:00,0.0
309,2017-02-14 00:00:00-05:00,0.0
310,2017-02-13 00:00:00-05:00,0.0
311,2017-02-10 00:00:00-05:00,0.0
312,2017-02-09 00:00:00-05:00,0.0
313,2017-02-08 00:00:00-05:00,0.0
314,2017-02-07 00:00:00-05:00,0.0
315,2017-02-06 00:00:00-05:00,0.0
316,2017-02-03 00:00:00-05:00,0.0
317,2017-02-02 00:00:00-05:00,0.0
318,2017-02-01 00:00:00-05:00,0.0
319,2017-01-31 00:00:00-05:00,0.0
320,2017-01-30 00:00:00-05:00,0.0
321,2017-01-27 00:00:00-05:00,0.0
322,2017-01-26 00:00:00-05:00,0.0
323,2017-01-25 00:00:00-05:00,0.0
324,2017-01-24 00:00:00-05:00,0.0
325,2017-01-23 00:00:00-05:00,0.0
326,2017-01-20 00:00:00-05:00,0.0
327,2017-01-19 00:00:00-05:00,0.0
328,2017-01-18 00:00:00-05:00,0.0
329,2017-01-17 00:00:00-05:00,0.0
330,2017-01-13 00:00:00-05:00,0.0
331,2017-01-12 00:00:00-05:00,0.0
332,2017-01-11 00:00:00-05:00,0.0
333,2017-01-10 00:00:00-05:00,0.0
334,2015-05-22 00:00:00-04:00,0.0
335,2015-05-21 00:00:00-04:00,0.0
336,2015-05-20 00:00:00-04:00,0.0
337,2015-05-19 00:00:00-04:00,0.0
338,2015-05-18 00:00:00-04:00,0.0
339,2015-05-15 00:00:00-04:00,0.0
340,2015-05-14 00:00:00-04:00,0.0
341,2015-05-13 00:00:00-04:00,0.0
342,2015-05-12 00:00:00-04:00,0.0
343,2015-05-11 00:00:00-04:00,0.0
344,2015-05-08 00:00:00-04:00,0.0
345,2015-05-07 00:00:00-04:00,0.0
346,2015-05-06 00:00:00-04:00,0.0
347,2015-05-05 00:00:00-04:00,0.0
348,2015-05-04 00:00:00-04:00,0.0
349,2015-05-01 00:00:00-04:00,0.0
350,2015-04-30 00:00:00-04:00,0.0
351,2015-04-29 00:00:00-04:00,0.0
352,2015-04-28 00:00:00-04:00,0.0
353,2015-04-27 00:00:00-04:00,0.0
354,2015-04-24 00:00:00-04:00,0.0
355,2015-04-23 00:00:00-04:00,0.0
356,2015-04-22 00:00:00-04:00,0.0
357,2015-04-21 00:00:00-04:00,0.0
358,2015-04-20 00:00:00-04:00,0.0
359,2015-04-17 00:00:00-04:00,0.0
360,2015-04-16 00:00:00-04:00,0.0
361,2015-04-15 00:00:00-04:00,0.0
362,2015-04-14 00:00:00-04:00,0.0
363,2015-04-13 00:00:00-04:00,0.0
364,2015-04-10 00:00:00-04:00,0.0
365,2015-04-09 00:00:00-04:00,0.0
366,2015-04-08 00:00:00-04:00,0.0
367,2015-04-07 00:00:00-04:00,0.0
368,2015-04-06 00:00:00-04:00,0.0
369,2015-04-02 00:00:00-04:00,0.0
370,2015-04-01 00:00:00-04:00,0.0
371,2015-03-31 00:00:00-04:00,0.0
372,2015-03-30 00:00:00-04:00,0.0
373,2015-03-27 00:00:00-04:00,0.0
374,2015-03-26 00:00:00-04:00,0.0
375,2015-03-25 00:00:00-04:00,0.0
376,2015-03-24 00:00:00-04:00,0.0
377,2015-03-23 00:00:00-04:00,0.0
378,2015-03-20 00:00:00-04:00,0.0
379,2015-03-19 00:00:00-04:00,0.0
380,2015-03-18 00:00:00-04:00,0.0
381,2015-03-17 00:00:00-04:00,0.0
382,2015-03-16 00:00:00-04:00,0.0
383,2015-03-13 00:00:00-04:00,0.0
384,2015-03-12 00:00:00-04:00,0.0
385,2015-03-11 00:00:00-04:00,0.0
386,2015-03-10 00:00:00-04:00,0.0
387,2015-03-09 00:00:00-04:00,0.0
388,2015-03-06 00:00:00-05:00,0.0
389,2015-03-05 00:00:00-05:00,0.0
390,2015-03-04 00:00:00-05:00,0.0
391,2015-03-03 00:00:00-05:00,0.0
392,2015-03-02 00:00:00-05:00,0.0
393,2015-02-27 00:00:00-05:00,0.0
394,2013-07-02 00:00:00-04:00,0.0
395,2013-07-01 00:00:00-04:00,0.0
396,2013-06-28 00:00:00-04:00,0.0
397,2013-06-27 00:00:00-04:00,0.0
398,2013-06-26 00:00:00-04:00,0.0
399,2013-06-25 00:00:00-04:00,0.0
400,2013-06-24 00:00:00-04:00,0.0
401,2013-06-21 00:00:00-04:00,0.0
402,2013-06-20 00:00:00-04:00,0.0
403,2013-06-19 00:00:00-04:00,0.0
404,2013-06-18 00:00:00-04:00,0.0
405,2013-06-17 00:00:00-04:00,0.0
406,2013-06-14 00:00:00-04:00,0.0
407,2013-06-13 00:00:00-04:00,0.0
408,2013-06-12 00:00:00-04:00,0.0
409,2013-06-11 00:00:00-04:00,0.0
410,2013-06-10 00:00:00-04:00,0.0
411,2013-06-07 00:00:00-04:00,0.0
412,2013-06-06 00:00:00-04:00,0.0
413,2013-06-05 00:00:00-04:00,0.0
414,2013-06-04 00:00:00-04:00,0.0
415,2013-06-03 00:00:00-04:00,0.0
416,2013-05-31 00:00:00-04:00,0.0
417,2013-05-30 00:00:00-04:00,0.0
418,2013-05-29 00:00:00-04:00,0.0
419,2013-05-28 00:00:00-04:00,0.0
420,2013-05-24 00:00:00-04:00,0.0
421,2013-05-23 00:00:00-04:00,0.0
422,2013-05-22 00:00:00-04:00,0.0
423,2013-05-21 00:00:00-04:00,0.0
424,2013-05-20 00:00:00-04:00,0.0
425,2013-05-17 00:00:00-04:00,0.0
426,2013-05-16 00:00:00-04:00,0.0
427,2013-05-15 00:00:00-04:00,0.0
428,2013-05-14 00:00:00-04:00,0.0
429,2013-05-13 00:00:00-04:00,0.0
430,2013-05-10 00:00:00-04:00,0.0
431,2013-05-09 00:00:00-04:00,0.0
432,2013-05-08 00:00:00-04:00,0.0
433,2013-05-07 00:00:00-04:00,0.0
434,2013-05-06 00:00:00-04:00,0.0
435,2013-05-03 00:00:00-04:00,0.0
436,2013-05-02 00:00:00-04:00,0.0
437,2013-05-01 00:00:00-04:00,0.0
438,2013-04-30 00:00:00-04:00,0.0
439,2013-04-29 00:00:00-04:00,0.0
440,2013-04-26 00:00:00-04:00,0.0
441,2013-04-25 00:00:00-04:00,0.0
442,2013-04-24 00:00:00-04:00,0.0
443,2013-04-23 00:00:00-04:00,0.0
444,2013-04-22 00:00:00-04:00,0.0
445,2013-04-19 00:00:00-04:00,0.0
446,2013-04-18 00:00:00-04:00,0.0
447,2013-04-17 00:00:00-04:00,0.0
448,2013-04-16 00:00:00-04:00,0.0
449,2013-04-15 00:00:00-04:00,0.0
450,2013-04-12 00:00:00-04:00,0.0
451,2013-04-11 00:00:00-04:00,0.0
452,2013-04-10 00:00:00-04:00,0.0
453,2013-04-09 00:00:00-04:00,0.0
454,2011-08-03 00:00:00-04:00,0.0
455,2011-08-02 00:00:00-04:00,0.0
456,2011-08-01 00:00:00-04:00,0.0
457,2011-07-29 00:00:00-04:00,0.0
458,2011-07-28 00:00:00-04:00,0.0
459,2011-07-27 00:00:00-04:00,0.0
460,2011-07-26 00:00:00-04:00,0.0
461,2011-07-25 00:00:00-04:00,0.0
462,2011-07-22 00:00:00-04:00,0.0
463,2011-07-21 00:00:00-04:00,0.0
464,2011-07-20 00:00:00-04:00,0.0
465,2011-07-19 00:00:00-04:00,0.0
466,2011-07-18 00:00:00-04:00,0.0
467,2011-07-15 00:00:00-04:00,0.0
468,2011-07-14 00:00:00-04:00,0.0
469,2011-07-13 00:00:00-04:00,0.0
470,2011-07-12 00:00:00-04:00,0.0
471,2011-07-11 00:00:00-04:00,0.0
472,2011-07-08 00:00:00-04:00,0.0
473,2011-07-07 00:00:00-04:00,0.0
474,2011-07-06 00:00:00-04:00,0.0
475,2011-07-05 00:00:00-04:00,0.0
476,2011-07-01 00:00:00-04:00,0.0
477,2011-06-30 00:00:00-04:00,0.0
478,2011-06-29 00:00:00-04:00,0.0
479,2011-06-28 00:00:00-04:00,0.0
480,2011-06-27 00:00:00-04:00,0.0
481,2011-06-24 00:00:00-04:00,0.0
482,2011-06-23 00:00:00-04:00,0.0
483,2011-06-22 00:00:00-04:00,0.0
484,2011-06-21 00:00:00-04:00,0.0
485,2011-06-20 00:00:00-04:00,0.0
486,2011-06-17 00:00:00-04:00,0.0
487,2011-06-16 00:00:00-04:00,0.0
488,2011-06-15 00:00:00-04:00,0.0
489,2011-06-14 00:00:00-04:00,0.0
490,2011-06-13 00:00:00-04:00,0.0
491,2011-06-10 00:00:00-04:00,0.0
492,2011-06-09 00:00:00-04:00,0.0
493,2011-06-08 00:00:00-04:00,0.0
494,2011-06-07 00:00:00-04:00,0.0
495,2011-06-06 00:00:00-04:00,0.0
496,2011-06-03 00:00:00-04:00,0.0
497,2011-06-02 00:00:00-04:00,0.0
498,2011-06-01 00:00:00-04:00,0.0
499,2011-05-31 00:00:00-04:00,0.0
500,2011-05-27 00:00:00-04:00,0.0
501,2011-05-26 00:00:00-04:00,0.0
502,2011-05-25 00:00:00-04:00,0.0
503,2011-05-24 00:00:00-04:00,0.0
504,2011-05-23 00:00:00-04:00,0.0
505,2011-05-20 00:00:00-04:00,0.0
506,2011-05-19 00:00:00-04:00,0.0
507,2011-05-18 00:00:00-04:00,0.0
508,2011-05-17 00:00:00-04:00,0.0
509,2011-05-16 00:00:00-04:00,0.0
510,2011-05-13 00:00:00-04:00,0.0
511,2011-05-12 00:00:00-04:00,0.0
512,2011-05-11 00:00:00-04:00,0.0
513,2011-05-10 00:00:00-04:00,0.0
514,2009-09-14 00:00:00-04:00,0.0
515,2009-09-11 00:00:00-04:00,0.0
516,2009-09-10 00:00:00-04:00,0.0
517,2009-09-09 00:00:00-04:00,0.0
518,2009-09-08 00:00:00-04:00,0.0
519,2009-09-04 00:00:00-04:00,0.0
520,2009-09-03 00:00:00-04:00,0.0
521,2009-09-02 00:00:00-04:00,0.0
522,2009-09-01 00:00:00-04:00,0.0
523,2009-08-31 00:00:00-04:00,0.0
524,2009-08-28 00:00:00-04:00,0.0
525,2009-08-27 00:00:00-04:00,0.0
526,2009-08-26 00:00:00-04:00,0.0
527,2009-08-25 00:00:00-04:00,0.0
528,2009-08-24 00:00:00-04:00,0.0
529,2009-08-21 00:00:00-04:00,0.0
530,2009-08-20 00:00:00-04:00,0.0
531,2009-08-19 00:00:00-04:00,0.0
532,2009-08-18 00:00:00-04:00,0.0
533,2009-08-17 00:00:00-04:00,0.0
534,2009-08-14 00:00:00-04:00,0.0
535,2009-08-13 00:00:00-04:00,0.0
536,2009-08-12 00:00:00-04:00,0.0
537,2009-08-11 00:00:00-04:00,0.0
538,2009-08-10 00:00:00-04:00,0.0
539,2009-08-07 00:00:00-04:00,0.0
540,2009-08-06 00:00:00-04:00,0.0
541,2009-08-05 00:00:00-04:00,0.0
542,2009-08-04 00:00:00-04:00,0.0
543,2009-08-03 00:00:00-04:00,0.0
544,2009-07-31 00:00:00-04:00,0.0
545,2009-07-30 00:00:00-04:00,0.0
546,2009-07-29 00:00:00-04:00,0.0
547,2009-07-28 00:00:00-04:00,0.0
548,2009-07-27 00:00:00-04:00,0.0
549,2009-07-24 00:00:00-04:00,0.0
550,2009-07-23 00:00:00-04:00,0.0
551,2009-07-22 00:00:00-04:00,0.0
552,2009-07-21 00:00:00-04:00,0.0
553,2009-07-20 00:00:00-04:00,0.0
554,2009-07-17 00:00:00-04:00,0.0
555,2009-07-16 00:00:00-04:00,0.0
556,2009-07-15 00:00:00-04:00,0.0
557,2009-07-14 00:00:00-04:00,0.0
558,2009-07-13 00:00:00-04:00,0.0
559,2009-07-10 00:00:00-04:00,0.0
560,2009-07-09 00:00:00-04:00,0.0
561,2009-07-08 00:00:00-04:00,0.0
562,2009-07-07 00:00:00-04:00,0.0
563,2009-07-06 00:00:00-04:00,0.0
564,2009-07-02 00:00:00-04:00,0.0
565,2009-07-01 00:00:00-04:00,0.0
566,2009-06-30 00:00:00-04:00,0.0
567,2009-06-29 00:00:00-04:00,0.0
568,2009-06-26 00:00:00-04:00,0.0
569,2009-06-25 00:00:00-04:00,0.0
570,2009-06-24 00:00:00-04:00,0.0
571,2009-06-23 00:00:00-04:00,0.0
572,2009-06-22 00:00:00-04:00,0.0
573,2009-06-19 00:00:00-04:00,0.0
574,2007-10-26 00:00:00-04:00,0.0
575,2007-10-25 00:00:00-04:00,0.0
576,2007-10-24 00:00:00-04:00,0.0
577,2007-10-23 00:00:00-04:00,0.0
578,2007-10-22 00:00:00-04:00,0.0
579,2007-10-19 00:00:00-04:00,0.0
580,2007-10-18 00:00:00-04:00,0.0
581,2007-10-17 00:00:00-04:00,0.0
582,2007-10-16 00:00:00-04:00,0.0
583,2007-10-15 00:00:00-04:00,0.0
584,2007-10-12 00:00:00-04:00,0.0
585,2007-10-11 00:00:00-04:00,0.0
586,2007-10-10 00:00:00-04:00,0.0
587,2007-10-09 00:00:00-04:00,0.0
588,2007-10-08 00:00:00-04:00,0.0
589,2007-10-05 00:00:00-04:00,0.0
590,2007-10-04 00:00:00-04:00,0.0
591,2007-10-03 00:00:00-04:00,0.0
592,2007-10-02 00:00:00-04:00,0.0
593,2007-10-01 00:00:00-04:00,0.0
594,2007-09-28 00:00:00-04:00,0.0
595,2007-09-27 00:00:00-04:00,0.0
596,2007-09-26 00:00:00-04:00,0.0
597,2007-09-25 00:00:00-04:00,0.0
598,2007-09-24 00:00:00-04:00,0.0
599,2007-09-21 00:00:00-04:00,0.0
600,2007-09-20 00:00:00-04:00,0.0
601,2007-09-19 00:00:00-04:00,0.0
602,2007-09-18 00:00:00-04:00,0.0
603,2007-09-17 00:00:00-04:00,0.0
604,2007-09-14 00:00:00-04:00,0.0
605,2007-09-13 00:00:00-04:00,0.0
606,2007-09-12 00:00:00-04:00,0.0
607,2007-09-11 00:00:00-04:00,0.0
608,2007-09-10 00:00:00-04:00,0.0
609,2007-09-07 00:00:00-04:00,0.0
610,2007-09-06 00:00:00-04:00,0.0
611,2007-09-05 00:00:00-04:00,0.0
612,2007-09-04 00:00:00-04:00,0.0
613,2007-08-31 00:00:00-04:00,0.0
614,2007-08-30 00:00:00-04:00,0.0
615,2007-08-29 00:00:00-04:00,0.0
616,2007-08-28 00:00:00-04:00,0.0
617,2007-08-27 00:00:00-04:00,0.0
618,2007-08-24 00:00:00-04:00,0.0
619,2007-08-23 00:00:00-04:00,0.0
620,2007-08-22 00:00:00-04:00,0.0
621,2007-08-21 00:00:00-04:00,0.0
622,2007-08-20 00:00:00-04:00,0.0
623,2007-08-17 00:00:00-04:00,0.0
624,2007-08-16 00:00:00-04:00,0.0
625,2007-08-15 00:00:00-04:00,0.0
626,2007-08-14 00:00:00-04:00,0.0
627,2007-08-13 00:00:00-04:00,0.0
628,2007-08-10 00:00:00-04:00,0.0
629,2007-08-09 00:00:00-04:00,0.0
630,2007-08-08 00:00:00-04:00,0.0
631,2007-08-07 00:00:00-04:00,0.0
632,2007-08-06 00:00:00-04:00,0.0
633,2007-08-03 00:00:00-04:00,0.0
634,2005-12-12 00:00:00-05:00,0.0
635,2005-12-09 00:00:00-05:00,0.0
636,2005-12-08 00:00:00-05:00,0.0
637,2005-12-07 00:00:00-05:00,0.0
638,2005-12-06 00:00:00-05:00,0.0
639,2005-12-05 00:00:00-05:00,0.0
640,2005-12-02 00:00:00-05:00,0.0
641,2005-12-01 00:00:00-05:00,0.0
642,2005-11-30 00:00:00-05:00,0.0
643,2005-11-29 00:00:00-05:00,0.0
644,2005-11-28 00:00:00-05:00,0.0
645,2005-11-25 00:00:00-05:00,0.0
646,2005-11-23 00:00:00-05:00,0.0
647,2005-11-22 00:00:00-05:00,0.0
648,2005-11-21 00:00:00-05:00,0.0
649,2005-11-18 00:00:00-05:00,0.0
650,2005-11-17 00:00:00-05:00,0.0
651,2005-11-16 00:00:00-05:00,0.0
652,2005-11-15 00:00:00-05:00,0.0
653,2005-11-14 00:00:00-05:00,0.0
654,2005-11-11 00:00:00-05:00,0.0
655,2005-11-10 00:00:00-05:00,0.0
656,2005-11-09 00:00:00-05:00,0.0
657,2005-11-08 00:00:00-05:00,0.0
658,2005-11-07 00:00:00-05:00,0.0
659,2005-11-04 00:00:00-05:00,0.0
660,2005-11-03 00:00:00-05:00,0.0
661,2005-11-02 00:00:00-05:00,0.0
662,2005-11-01 00:00:00-05:00,0.0
663,2005-10-31 00:00:00-05:00,0.0
664,2005-10-28 00:00:00-04:00,0.0
665,2005-10-27 00:00:00-04:00,0.0
666,2005-10-26 00:00:00-04:00,0.0
667,2005-10-25 00:00:00-04:00,0.0
668,2005-10-24 00:00:00-04:00,0.0
669,2005-10-21 00:00:00-04:00,0.0
670,2005-10-20 00:00:00-04:00,0.0
671,2005-10-19 00:00:00-04:00,0.0
672,2005-10-18 00:00:00-04:00,0.0
673,2005-10-17 00:00:00-04:00,0.0
674,2005-10-14 00:00:00-04:00,0.0
675,2005-10-13 00:00:00-04:00,0.0
676,2005-10-12 00:00:00-04:00,0.0
677,2005-10-11 00:00:00-04:00,0.0
678,2005-10-10 00:00:00-04:00,0.0
679,2005-10-07 00:00:00-04:00,0.0
680,2005-10-06 00:00:00-04:00,0.0
681,2005-10-05 00:00:00-04:00,0.0
682,2005-10-04 00:00:00-04:00,0.0
683,2005-10-03 00:00:00-04:00,0.0
684,2005-09-30 00:00:00-04:00,0.0
685,2005-09-29 00:00:00-04:00,0.0
686,2005-09-28 00:00:00-04:00,0.0
687,2005-09-27 00:00:00-04:00,0.0
688,2005-09-26 00:00:00-04:00,0.0
689,2005-09-23 00:00:00-04:00,0.0
690,2005-09-22 00:00:00-04:00,0.0
691,2005-09-21 00:00:00-04:00,0.0
692,2005-09-20 00:00:00-04:00,0.0
693,2005-09-19 00:00:00-04:00,0.0
694,2004-01-27 00:00:00-05:00,0.0
695,2004-01-26 00:00:00-05:00,0.0
696,2004-01-23 00:00:00-05:00,0.0
697,2004-01-22 00:00:00-05:00,0.0
698,2004-01-21 00:00:00-05:00,0.0
699,2004-01-20 00:00:00-05:00,0.0
700,2004-01-16 00:00:00-05:00,0.0
701,2004-01-15 00:00:00-05:00,0.0
702,2004-01-14 00:00:00-05:00,0.0
703,2004-01-13 00:00:00-05:00,0.0
704,2004-01-12 00:00:00-05:00,0.0
705,2004-01-09 00:00:00-05:00,0.0
706,2004-01-08 00:00:00-05:00,0.0
707,2004-01-07 00:00:00-05:00,0.0
708,2004-01-06 00:00:00-05:00,0.0
709,2004-01-05 00:00:00-05:00,0.0
710,2004-01-02 00:00:00-05:00,0.0
711,2003-12-31 00:00:00-05:00,0.0
712,2003-12-30 00:00:00-05:00,0.0
713,2003-12-29 00:00:00-05:00,0.0
714,2003-12-26 00:00:00-05:00,0.0
715,2003-12-24 00:00:00-05:00,0.0
716,2003-12-23 00:00:00-05:00,0.0
717,2003-12-22 00:00:00-05:00,0.0
718,2003-12-19 00:00:00-05:00,0.0
719,2003-12-18 00:00:00-05:00,0.0
720,2003-12-17 00:00:00-05:00,0.0
721,2003-12-16 00:00:00-05:00,0.0
722,2003-12-15 00:00:00-05:00,0.0
723,2003-12-12 00:00:00-05:00,0.0
724,2003-12-11 00:00:00-05:00,0.0
725,2003-12-10 00:00:00-05:00,0.0
726,2003-12-09 00:00:00-05:00,0.0
727,2003-12-08 00:00:00-05:00,0.0
728,2003-12-05 00:00:00-05:00,0.0
729,2003-12-04 00:00:00-05:00,0.0
730,2003-12-03 00:00:00-05:00,0.0
731,2003-12-02 00:00:00-05:00,0.0
732,2003-12-01 00:00:00-05:00,0.0
733,2003-11-28 00:00:00-05:00,0.0
734,2003-11-26 00:00:00-05:00,0.0
735,2003-11-25 00:00:00-05:00,0.0
736,2003-11-24 00:00:00-05:00,0.0
737,2003-11-21 00:00:00-05:00,0.0
738,2003-11-20 00:00:00-05:00,0.0
739,2003-11-19 00:00:00-05:00,0.0
740,2003-11-18 00:00:00-05:00,0.0
741,2003-11-17 00:00:00-05:00,0.0
742,2003-11-14 00:00:00-05:00,0.0
743,2003-11-13 00:00:00-05:00,0.0
744,2003-11-12 00:00:00-05:00,0.0
745,2003-11-11 00:00:00-05:00,0.0
746,2003-11-10 00:00:00-05:00,0.0
747,2003-11-07 00:00:00-05:00,0.0
748,2003-11-06 00:00:00-05:00,0.0
749,2003-11-05 00:00:00-05:00,0.0
750,2003-11-04 00:00:00-05:00,0.0
751,2003-11-03 00:00:00-05:00,0.0
752,2003-10-31 00:00:00-05:00,0.0
753,2003-10-30 00:00:00-05:00,0.0
754,2002-03-20 00:00:00-05:00,0.0
755,2002-03-19 00:00:00-05:00,0.0
756,2002-03-18 00:00:00-05:00,0.0
757,2002-03-15 00:00:00-05:00,0.0
758,2002-03-14 00:00:00-05:00,0.0
759,2002-03-13 00:00:00-05:00,0.0
760,2002-03-12 00:00:00-05:00,0.0
761,2002-03-11 00:00:00-05:00,0.0
762,2002-03-08 00:00:00-05:00,0.0
763,2002-03-07 00:00:00-05:00,0.0
764,2002-03-06 00:00:00-05:00,0.0
765,2002-03-05 00:00:00-05:00,0.0
766,2002-03-04 00:00:00-05:00,0.0
767,2002-03-01 00:00:00-05:00,0.0
768,2002-02-28 00:00:00-05:00,0.0
769,2002-02-27 00:00:00-05:00,0.0
770,2002-02-26 00:00:00-05:00,0.0
771,2002-02-25 00:00:00-05:00,0.0
772,2002-02-22 00:00:00-05:00,0.0
773,2002-02-21 00:00:00-05:00,0.0
774,2002-02-20 00:00:00-05:00,0.0
775,2002-02-19 00:00:00-05:00,0.0
776,2002-02-15 00:00:00-05:00,0.0
777,2002-02-14 00:00:00-05:00,0.0
778,2002-02-13 00:00:00-05:00,0.0
779,2002-02-12 00:00:00-05:00,0.0
780,2002-02-11 00:00:00-05:00,0.0
781,2002-02-08 00:00:00-05:00,0.0
782,2002-02-07 00:00:00-05:00,0.0
783,2002-02-06 00:00:00-05:00,0.0
784,2002-02-05 00:00:00-05:00,0.0
785,2002-02-04 00:00:00-05:00,0.0
786,2002-02-01 00:00:00-05:00,0.0
787,2002-01-31 00:00:00-05:00,0.0
788,2002-01-30 00:00:00-05:00,0.0
789,2002-01-29 00:00:00-05:00,0.0
790,2002-01-28 00:00:00-05:00,0.0
791,2002-01-25 00:00:00-05:00,0.0
792,2002-01-24 00:00:00-05:00,0.0
793,2002-01-23 00:00:00-05:00,0.0
794,2002-01-22 00:00:00-05:00,0.0
795,2002-01-18 00:00:00-05:00,0.0
796,2002-01-17 00:00:00-05:00,0.0
797,2002-01-16 00:00:00-05:00,0.0
798,2002-01-15 00:00:00-05:00,0.0
799,2002-01-14 00:00:00-05:00,0.0
800,2002-01-11 00:00:00-05:00,0.0
801,2002-01-10 00:00:00-05:00,0.0
802,2002-01-09 00:00:00-05:00,0.0
803,2002-01-08 00:00:00-05:00,0.0
804,2002-01-07 00:00:00-05:00,0.0
805,2002-01-04 00:00:00-05:00,0.0
806,2002-01-03 00:00:00-05:00,0.0
807,2002-01-02 00:00:00-05:00,0.0
808,2001-12-31 00:00:00-05:00,0.0
809,2001-12-28 00:00:00-05:00,0.0
810,2001-12-27 00:00:00-05:00,0.0
811,2001-12-26 00:00:00-05:00,0.0
812,2001-12-24 00:00:00-05:00,0.0
813,2001-12-21 00:00:00-05:00,0.0
814,2000-05-01 00:00:00-04:00,0.0
815,2000-04-28 00:00:00-04:00,0.0
816,2000-04-27 00:00:00-04:00,0.0
817,2000-04-26 00:00:00-04:00,0.0
818,2000-04-25 00:00:00-04:00,0.0
819,2000-04-24 00:00:00-04:00,0.0
820,2000-04-20 00:00:00-04:00,0.0
821,2000-04-19 00:00:00-04:00,0.0
822,2000-04-18 00:00:00-04:00,0.0
823,2000-04-17 00:00:00-04:00,0.0
824,2000-04-14 00:00:00-04:00,0.0
825,2000-04-13 00:00:00-04:00,0.0
826,2000-04-12 00:00:00-04:00,0.0
827,2000-04-11 00:00:00-04:00,0.0
828,2000-04-10 00:00:00-04:00,0.0
829,2000-04-07 00:00:00-04:00,0.0
830,2000-04-06 00:00:00-04:00,0.0
831,2000-04-05 00:00:00-04:00,0.0
832,2000-04-04 00:00:00-04:00,0.0
833,2000-04-03 00:00:00-04:00,0.0
834,2000-03-31 00:00:00-05:00,0.0
835,2000-03-30 00:00:00-05:00,0.0
836,2000-03-29 00:00:00-05:00,0.0
837,2000-03-28 00:00:00-05:00,0.0
838,2000-03-27 00:00:00-05:00,0.0
839,2000-03-24 00:00:00-05:00,0.0
840,2000-03-23 00:00:00-05:00,0.0
841,2000-03-22 00:00:00-05:00,0.0
842,2000-03-21 00:00:00-05:00,0.0
843,2000-03-20 00:00:00-05:00,0.0
844,2000-03-17 00:00:00-05:00,0.0
845,2000-03-16 00:00:00-05:00,0.0
846,2000-03-15 00:00:00-05:00,0.0
847,2000-03-14 00:00:00-05:00,0.0
848,2000-03-13 00:00:00-05:00,0.0
849,2000-03-10 00:00:00-05:00,0.0
850,2000-03-09 00:00:00-05:00,0.0
851,2000-03-08 00:00:00-05:00,0.0
852,2000-03-07 00:00:00-05:00,0.0
853,2000-03-06 00:00:00-05:00,0.0
854,2000-03-03 00:00:00-05:00,0.0
855,2000-03-02 00:00:00-05:00,0.0
856,2000-03-01 00:00:00-05:00,0.0
857,2000-02-29 00:00:00-05:00,0.0
858,2000-02-28 00:00:00-05:00,0.0
859,2000-02-25 00:00:00-05:00,0.0
860,2000-02-24 00:00:00-05:00,0.0
861,2000-02-23 00:00:00-05:00,0.0
862,2000-02-22 00:00:00-05:00,0.0
863,2000-02-18 00:00:00-05:00,0.0
864,2000-02-17 00:00:00-05:00,0.0
865,2000-02-16 00:00:00-05:00,0.0
866,2000-02-15 00:00:00-05:00,0.0
867,2000-02-14 00:00:00-05:00,0.0
868,2000-02-11 00:00:00-05:00,0.0
869,2000-02-10 00:00:00-05:00,0.0
870,2000-02-09 00:00:00-05:00,0.0
871,2000-02-08 00:00:00-05:00,0.0
872,2000-02-07 00:00:00-05:00,0.0
873,2000-02-04 00:00:00-05:00,0.0
